time_step,user_satisfaction,operator_profit,grid_friendliness,total_reward
0,0.5237703817615855,0.03301395348837221,-0.6288372093023255,0.2750867573557971
1,0.5270431650614538,0.01980000000000004,-0.37714285714285717,0.3101858374531529
2,0.4339928323983119,0.0,0.0,0.3235971329593248
3,0.0,0.0,0.0,0.15
