time_step,user_satisfaction,operator_profit,grid_friendliness,total_reward
0,0.8343522486202014,0.04658482146117682,0.06640088976586049,0.5076764793513127
1,0.8403329364701831,0.03425715696868032,0.04882933179136112,0.5037347214473815
2,0.8488441008489671,0.010754374423738578,0.015329027958314236,0.4950633068604556
3,0.8401773871920167,0.0,0.0,0.48607095487680674
4,0.8267407364734519,0.0006547884518573466,0.0009333197906097504,0.48103272909352945
